Description,Quantity
 DOLLY MEN BEAKER,1247
 RED SPOT GIFT BAG LARGE,651
 DOLLY GIRL BEAKER,584
 DOLLY WOMEN BEAKER,343
 60'S CHRISTMAS GIFT BAG LARGE,306
 I LOVE LONDON MINI BACKPACK,256
 DOLLY BOY BEAKER,213
 I LOVE LONDON MAXI BACKPACK,104
 YELLOW SPOT GIFT BAG LARGE,74
 6 PURPLE FLOCK DINNER CANDLES,56
 NINE DRAWER OFFICE TIDY,54
 4 PURPLE FLOCK DINNER CANDLES,48
 OVAL WALL MIRROR DIAMANTE ,46
 ROUND WALL MIRROR DIAMANTE ,41
 5 PURPLE FLOCK DINNER CANDLES,34
 SQUARE WALL MIRROR DIAMANTE ,29
